URL,Traite
https://www.linkedin.com/sales/company/17889362,Oui
https://www.linkedin.com/sales/company/3498342,Oui
https://www.linkedin.com/sales/company/7234624,Oui
https://www.linkedin.com/sales/company/73956968,Oui
https://www.linkedin.com/sales/company/27245062,Oui
https://www.linkedin.com/sales/company/89182061,Oui
https://www.linkedin.com/sales/company/1663245,Oui
https://www.linkedin.com/sales/company/67253366,Oui
https://www.linkedin.com/sales/company/25925102,Oui
https://www.linkedin.com/sales/company/18824534,Oui
https://www.linkedin.com/sales/company/11144285,Oui
https://www.linkedin.com/sales/company/38090604,Oui
https://www.linkedin.com/sales/company/18477377,Oui
https://www.linkedin.com/sales/company/11157733,Oui
https://www.linkedin.com/sales/company/68523226,Oui
https://www.linkedin.com/sales/company/77045262,Oui
https://www.linkedin.com/sales/company/11309333,Oui
https://www.linkedin.com/sales/company/100300161,Oui
https://www.linkedin.com/sales/company/2037691,Oui
https://www.linkedin.com/sales/company/72999592,Oui
https://www.linkedin.com/sales/company/25895267,Oui
https://www.linkedin.com/sales/company/30092935,Oui
https://www.linkedin.com/sales/company/9336391,Oui
https://www.linkedin.com/sales/company/10964167,Oui
https://www.linkedin.com/sales/company/35678536,Oui
https://www.linkedin.com/sales/company/28550407,Oui
https://www.linkedin.com/sales/company/47729866,Oui
https://www.linkedin.com/sales/company/25504821,Oui
https://www.linkedin.com/sales/company/75064382,Oui
https://www.linkedin.com/sales/company/75535528,Oui
https://www.linkedin.com/sales/company/105982356,Oui
https://www.linkedin.com/sales/company/23677894,Oui
https://www.linkedin.com/sales/company/11044433,Oui
https://www.linkedin.com/sales/company/25564532,Oui
https://www.linkedin.com/sales/company/67103525,Oui
https://www.linkedin.com/sales/company/54310633,Oui
https://www.linkedin.com/sales/company/30165603,Oui
https://www.linkedin.com/sales/company/100612450,Oui
https://www.linkedin.com/sales/company/77710457,Oui
https://www.linkedin.com/sales/company/13037882,Oui
https://www.linkedin.com/sales/company/10325658,Oui
https://www.linkedin.com/sales/company/68840639,Oui
https://www.linkedin.com/sales/company/49051754,Oui
https://www.linkedin.com/sales/company/14058784,Oui
https://www.linkedin.com/sales/company/82546217,Oui
https://www.linkedin.com/sales/company/13059873,Oui
https://www.linkedin.com/sales/company/14023207,Oui
https://www.linkedin.com/sales/company/54326996,Oui
https://www.linkedin.com/sales/company/66326007,Oui
https://www.linkedin.com/sales/company/87192438,Oui
https://www.linkedin.com/sales/company/35544640,Oui
https://www.linkedin.com/sales/company/70387377,Oui
https://www.linkedin.com/sales/company/18400724,Oui
https://www.linkedin.com/sales/company/18622963,Oui
https://www.linkedin.com/sales/company/48696144,Oui
https://www.linkedin.com/sales/company/27220288,Oui
https://www.linkedin.com/sales/company/24427494,Oui
https://www.linkedin.com/sales/company/92884738,Oui
https://www.linkedin.com/sales/company/26718505,Oui
https://www.linkedin.com/sales/company/71902615,Oui
https://www.linkedin.com/sales/company/20371225,Oui
https://www.linkedin.com/sales/company/9366014,Oui
https://www.linkedin.com/sales/company/11240359,Oui
https://www.linkedin.com/sales/company/103459151,Oui
https://www.linkedin.com/sales/company/86287308,Oui
https://www.linkedin.com/sales/company/37064183,Oui
https://www.linkedin.com/sales/company/5872829,Oui
https://www.linkedin.com/sales/company/71263766,Oui
https://www.linkedin.com/sales/company/11022655,Oui
https://www.linkedin.com/sales/company/66665507,Oui
https://www.linkedin.com/sales/company/14836953,Oui
https://www.linkedin.com/sales/company/72684925,Oui
https://www.linkedin.com/sales/company/105483674,Oui
https://www.linkedin.com/sales/company/14872606,Oui
https://www.linkedin.com/sales/company/72387235,Oui
https://www.linkedin.com/sales/company/103169013,Oui
https://www.linkedin.com/sales/company/44783691,Oui
https://www.linkedin.com/sales/company/105248919,Oui
https://www.linkedin.com/sales/company/18472835,Oui
https://www.linkedin.com/sales/company/70282049,Oui
https://www.linkedin.com/sales/company/6271120,Oui
https://www.linkedin.com/sales/company/98659142,Oui
https://www.linkedin.com/sales/company/84809343,Oui
https://www.linkedin.com/sales/company/10299688,Oui
https://www.linkedin.com/sales/company/7265251,Oui
https://www.linkedin.com/sales/company/36078705,Oui
https://www.linkedin.com/sales/company/88914408,Oui
https://www.linkedin.com/sales/company/86963338,Oui
https://www.linkedin.com/sales/company/107222397,Oui
https://www.linkedin.com/sales/company/35704317,Oui
https://www.linkedin.com/sales/company/72362015,
https://www.linkedin.com/sales/company/14021999,
https://www.linkedin.com/sales/company/113178197,
https://www.linkedin.com/sales/company/9215746,
https://www.linkedin.com/sales/company/28472548,
https://www.linkedin.com/sales/company/110419156,
https://www.linkedin.com/sales/company/25880486,
https://www.linkedin.com/sales/company/27189521,
https://www.linkedin.com/sales/company/91536953,
https://www.linkedin.com/sales/company/426865,
https://www.linkedin.com/sales/company/14067799,
https://www.linkedin.com/sales/company/10205665,
https://www.linkedin.com/sales/company/84095900,
https://www.linkedin.com/sales/company/3317138,
https://www.linkedin.com/sales/company/11775910,
https://www.linkedin.com/sales/company/11105562,
https://www.linkedin.com/sales/company/18467522,
https://www.linkedin.com/sales/company/100788314,
https://www.linkedin.com/sales/company/53390394,
https://www.linkedin.com/sales/company/104223789,
https://www.linkedin.com/sales/company/19188104,
https://www.linkedin.com/sales/company/18626092,
https://www.linkedin.com/sales/company/9324319,
https://www.linkedin.com/sales/company/11416283,
https://www.linkedin.com/sales/company/99509921,
https://www.linkedin.com/sales/company/100818489,
https://www.linkedin.com/sales/company/82341323,
https://www.linkedin.com/sales/company/70902811,
https://www.linkedin.com/sales/company/69389148,
https://www.linkedin.com/sales/company/11045566,
https://www.linkedin.com/sales/company/93786932,
https://www.linkedin.com/sales/company/116058126,
https://www.linkedin.com/sales/company/49086813,
https://www.linkedin.com/sales/company/71388305,
https://www.linkedin.com/sales/company/18332052,
https://www.linkedin.com/sales/company/11112314,
https://www.linkedin.com/sales/company/10953863,
https://www.linkedin.com/sales/company/18584834,
https://www.linkedin.com/sales/company/9324214,
https://www.linkedin.com/sales/company/92926694,
https://www.linkedin.com/sales/company/108204145,
https://www.linkedin.com/sales/company/99256494,
https://www.linkedin.com/sales/company/25393729,
https://www.linkedin.com/sales/company/5075988,
https://www.linkedin.com/sales/company/77053514,
https://www.linkedin.com/sales/company/86645504,
https://www.linkedin.com/sales/company/28895616,
https://www.linkedin.com/sales/company/3493158,
https://www.linkedin.com/sales/company/38090934,
https://www.linkedin.com/sales/company/25519152,
https://www.linkedin.com/sales/company/40695121,
https://www.linkedin.com/sales/company/71730416,
https://www.linkedin.com/sales/company/4843295,
https://www.linkedin.com/sales/company/7009490,
https://www.linkedin.com/sales/company/70231807,
https://www.linkedin.com/sales/company/26272570,
https://www.linkedin.com/sales/company/86934614,
https://www.linkedin.com/sales/company/80913801,
https://www.linkedin.com/sales/company/10911292,
https://www.linkedin.com/sales/company/11426684,
https://www.linkedin.com/sales/company/82878237,
https://www.linkedin.com/sales/company/26158758,
https://www.linkedin.com/sales/company/10015390,
https://www.linkedin.com/sales/company/5150897,
https://www.linkedin.com/sales/company/52128318,
https://www.linkedin.com/sales/company/93828079,
https://www.linkedin.com/sales/company/10009098,
https://www.linkedin.com/sales/company/50492122,
https://www.linkedin.com/sales/company/26121544,
https://www.linkedin.com/sales/company/89591320,
https://www.linkedin.com/sales/company/25474643,
https://www.linkedin.com/sales/company/26868740,
https://www.linkedin.com/sales/company/71310852,
https://www.linkedin.com/sales/company/30586655,
https://www.linkedin.com/sales/company/14008948,
https://www.linkedin.com/sales/company/73943455,
https://www.linkedin.com/sales/company/110378324,
https://www.linkedin.com/sales/company/80943877,
https://www.linkedin.com/sales/company/11085895,
https://www.linkedin.com/sales/company/106481013,
https://www.linkedin.com/sales/company/98233070,
https://www.linkedin.com/sales/company/111007206,
https://www.linkedin.com/sales/company/26399346,
https://www.linkedin.com/sales/company/27208311,
https://www.linkedin.com/sales/company/101634543,
https://www.linkedin.com/sales/company/92634490,
https://www.linkedin.com/sales/company/26343248,
https://www.linkedin.com/sales/company/19200942,
https://www.linkedin.com/sales/company/85352342,
https://www.linkedin.com/sales/company/46598084,
https://www.linkedin.com/sales/company/105491500,
https://www.linkedin.com/sales/company/2008849,
https://www.linkedin.com/sales/company/25344265,
https://www.linkedin.com/sales/company/10669851,
https://www.linkedin.com/sales/company/25332442,
https://www.linkedin.com/sales/company/67877248,
https://www.linkedin.com/sales/company/86030177,
https://www.linkedin.com/sales/company/89657758,
https://www.linkedin.com/sales/company/7215898,
https://www.linkedin.com/sales/company/101166709,
https://www.linkedin.com/sales/company/9210114,
https://www.linkedin.com/sales/company/14035467,
https://www.linkedin.com/sales/company/80512320,
https://www.linkedin.com/sales/company/640399,
https://www.linkedin.com/sales/company/72410855,
https://www.linkedin.com/sales/company/18269348,
https://www.linkedin.com/sales/company/27171417,
https://www.linkedin.com/sales/company/8853932,
https://www.linkedin.com/sales/company/10545174,
https://www.linkedin.com/sales/company/19200956,
https://www.linkedin.com/sales/company/3042512,
https://www.linkedin.com/sales/company/67191395,
https://www.linkedin.com/sales/company/82765696,
https://www.linkedin.com/sales/company/100126969,
https://www.linkedin.com/sales/company/101425085,
https://www.linkedin.com/sales/company/18298881,
https://www.linkedin.com/sales/company/37240266,
https://www.linkedin.com/sales/company/18912770,
https://www.linkedin.com/sales/company/72467283,
https://www.linkedin.com/sales/company/11177078,
https://www.linkedin.com/sales/company/107282982,
https://www.linkedin.com/sales/company/18458106,
https://www.linkedin.com/sales/company/43331112,
https://www.linkedin.com/sales/company/34886170,
https://www.linkedin.com/sales/company/19120097,
https://www.linkedin.com/sales/company/86659909,
https://www.linkedin.com/sales/company/102112060,
https://www.linkedin.com/sales/company/14022333,
https://www.linkedin.com/sales/company/35487563,
https://www.linkedin.com/sales/company/75357289,
https://www.linkedin.com/sales/company/70955104,
https://www.linkedin.com/sales/company/98176699,
https://www.linkedin.com/sales/company/88653541,
https://www.linkedin.com/sales/company/69160938,
https://www.linkedin.com/sales/company/5365561,
https://www.linkedin.com/sales/company/109234958,
https://www.linkedin.com/sales/company/11169176,
https://www.linkedin.com/sales/company/18474604,
https://www.linkedin.com/sales/company/76583418,
https://www.linkedin.com/sales/company/75361288,
https://www.linkedin.com/sales/company/29301964,
https://www.linkedin.com/sales/company/11861771,
https://www.linkedin.com/sales/company/73006184,
https://www.linkedin.com/sales/company/78314730,
https://www.linkedin.com/sales/company/82484240,
https://www.linkedin.com/sales/company/110353769,
https://www.linkedin.com/sales/company/91706131,
https://www.linkedin.com/sales/company/105787121,
https://www.linkedin.com/sales/company/25489384,
https://www.linkedin.com/sales/company/18299316,
https://www.linkedin.com/sales/company/91617650,
https://www.linkedin.com/sales/company/48183433,
https://www.linkedin.com/sales/company/7106284,
https://www.linkedin.com/sales/company/35544442,
https://www.linkedin.com/sales/company/44618842,
https://www.linkedin.com/sales/company/28465817,
https://www.linkedin.com/sales/company/109195224,
https://www.linkedin.com/sales/company/71475462,
https://www.linkedin.com/sales/company/91065768,
https://www.linkedin.com/sales/company/5101797,
https://www.linkedin.com/sales/company/20329909,
https://www.linkedin.com/sales/company/64659081,
https://www.linkedin.com/sales/company/1029633,
https://www.linkedin.com/sales/company/86610485,
https://www.linkedin.com/sales/company/26425821,
https://www.linkedin.com/sales/company/52114461,
https://www.linkedin.com/sales/company/105212551,
https://www.linkedin.com/sales/company/75372171,
https://www.linkedin.com/sales/company/2812449,
https://www.linkedin.com/sales/company/101826271,
https://www.linkedin.com/sales/company/137154725,
https://www.linkedin.com/sales/company/45194700,
https://www.linkedin.com/sales/company/107200648,
https://www.linkedin.com/sales/company/106057377,
https://www.linkedin.com/sales/company/106795163,
https://www.linkedin.com/sales/company/67327318,
https://www.linkedin.com/sales/company/94159328,
https://www.linkedin.com/sales/company/87814572,
https://www.linkedin.com/sales/company/73224566,
https://www.linkedin.com/sales/company/100264727,
https://www.linkedin.com/sales/company/2599070,
https://www.linkedin.com/sales/company/74057880,
https://www.linkedin.com/sales/company/26360329,
https://www.linkedin.com/sales/company/79526045,
https://www.linkedin.com/sales/company/33214396,
https://www.linkedin.com/sales/company/45777497,
https://www.linkedin.com/sales/company/108527198,
https://www.linkedin.com/sales/company/80667257,
https://www.linkedin.com/sales/company/76710683,
https://www.linkedin.com/sales/company/103809555,
https://www.linkedin.com/sales/company/13989069,
https://www.linkedin.com/sales/company/49284007,
https://www.linkedin.com/sales/company/80355726,
https://www.linkedin.com/sales/company/98602426,
https://www.linkedin.com/sales/company/108529906,
https://www.linkedin.com/sales/company/67759551,
https://www.linkedin.com/sales/company/11088673,
https://www.linkedin.com/sales/company/5386282,
https://www.linkedin.com/sales/company/97887137,
https://www.linkedin.com/sales/company/110228298,
https://www.linkedin.com/sales/company/105229795,
https://www.linkedin.com/sales/company/76642025,
https://www.linkedin.com/sales/company/109518180,
https://www.linkedin.com/sales/company/77126997,
https://www.linkedin.com/sales/company/138953907,
https://www.linkedin.com/sales/company/104663045,
https://www.linkedin.com/sales/company/75369918,
https://www.linkedin.com/sales/company/47098017,
https://www.linkedin.com/sales/company/97887233,
https://www.linkedin.com/sales/company/10977110,
https://www.linkedin.com/sales/company/76149984,
https://www.linkedin.com/sales/company/103593583,
https://www.linkedin.com/sales/company/11009451,
https://www.linkedin.com/sales/company/69706487,
https://www.linkedin.com/sales/company/84418553,
https://www.linkedin.com/sales/company/66952286,
https://www.linkedin.com/sales/company/73016738,
https://www.linkedin.com/sales/company/10964123,
https://www.linkedin.com/sales/company/14834168,
https://www.linkedin.com/sales/company/1885596,
https://www.linkedin.com/sales/company/11156393,
https://www.linkedin.com/sales/company/80949583,
https://www.linkedin.com/sales/company/45927421,
https://www.linkedin.com/sales/company/86966938,
https://www.linkedin.com/sales/company/77154187,
https://www.linkedin.com/sales/company/11028992,
https://www.linkedin.com/sales/company/69268314,
https://www.linkedin.com/sales/company/33247053,
https://www.linkedin.com/sales/company/19026490,
https://www.linkedin.com/sales/company/11445864,
https://www.linkedin.com/sales/company/13071403,
https://www.linkedin.com/sales/company/11075759,
https://www.linkedin.com/sales/company/104089555,
https://www.linkedin.com/sales/company/27187580,
https://www.linkedin.com/sales/company/79129935,
https://www.linkedin.com/sales/company/24771885,
https://www.linkedin.com/sales/company/11175372,
https://www.linkedin.com/sales/company/29337769,
https://www.linkedin.com/sales/company/19172734,
https://www.linkedin.com/sales/company/81746760,
https://www.linkedin.com/sales/company/88938922,
https://www.linkedin.com/sales/company/76511134,
https://www.linkedin.com/sales/company/75350513,
https://www.linkedin.com/sales/company/5091156,
https://www.linkedin.com/sales/company/26943005,
https://www.linkedin.com/sales/company/30153767,
https://www.linkedin.com/sales/company/65666215,
https://www.linkedin.com/sales/company/26941077,
https://www.linkedin.com/sales/company/24241331,
https://www.linkedin.com/sales/company/25034574,
https://www.linkedin.com/sales/company/89312208,
https://www.linkedin.com/sales/company/101330670,
https://www.linkedin.com/sales/company/74293519,
https://www.linkedin.com/sales/company/45455870,
https://www.linkedin.com/sales/company/80946203,
https://www.linkedin.com/sales/company/25379628,
https://www.linkedin.com/sales/company/11559503,
https://www.linkedin.com/sales/company/11214619,
https://www.linkedin.com/sales/company/98075323,
https://www.linkedin.com/sales/company/78309057,
https://www.linkedin.com/sales/company/26902540,
https://www.linkedin.com/sales/company/50430369,
https://www.linkedin.com/sales/company/100144391,
https://www.linkedin.com/sales/company/110095930,
https://www.linkedin.com/sales/company/71901178,
https://www.linkedin.com/sales/company/78778307,
https://www.linkedin.com/sales/company/18585053,
https://www.linkedin.com/sales/company/48886069,
https://www.linkedin.com/sales/company/14033605,
https://www.linkedin.com/sales/company/80951898,
https://www.linkedin.com/sales/company/105576928,
https://www.linkedin.com/sales/company/64843304,
https://www.linkedin.com/sales/company/65900251,
https://www.linkedin.com/sales/company/96175330,
https://www.linkedin.com/sales/company/105564956,
https://www.linkedin.com/sales/company/65798812,
https://www.linkedin.com/sales/company/74884993,
https://www.linkedin.com/sales/company/93804613,
https://www.linkedin.com/sales/company/104965399,
https://www.linkedin.com/sales/company/104728171,
https://www.linkedin.com/sales/company/107187152,
https://www.linkedin.com/sales/company/80135157,
https://www.linkedin.com/sales/company/53092440,
https://www.linkedin.com/sales/company/18912765,
https://www.linkedin.com/sales/company/66934643,
https://www.linkedin.com/sales/company/93590058,
https://www.linkedin.com/sales/company/7010887,
https://www.linkedin.com/sales/company/36021177,
https://www.linkedin.com/sales/company/77689756,
https://www.linkedin.com/sales/company/11803206,
https://www.linkedin.com/sales/company/91024770,
https://www.linkedin.com/sales/company/26413542,
https://www.linkedin.com/sales/company/46290633,
https://www.linkedin.com/sales/company/77602287,
https://www.linkedin.com/sales/company/18661655,
https://www.linkedin.com/sales/company/111082982,
https://www.linkedin.com/sales/company/108025462,
https://www.linkedin.com/sales/company/13018442,
https://www.linkedin.com/sales/company/91648418,
https://www.linkedin.com/sales/company/48791704,
https://www.linkedin.com/sales/company/11072329,
https://www.linkedin.com/sales/company/16190494,
https://www.linkedin.com/sales/company/10232869,
https://www.linkedin.com/sales/company/18367064,
https://www.linkedin.com/sales/company/10569223,
https://www.linkedin.com/sales/company/103841915,
https://www.linkedin.com/sales/company/101110757,
https://www.linkedin.com/sales/company/86316821,
https://www.linkedin.com/sales/company/51575122,
https://www.linkedin.com/sales/company/72724775,
https://www.linkedin.com/sales/company/26317641,
https://www.linkedin.com/sales/company/107264003,
https://www.linkedin.com/sales/company/42801816,
https://www.linkedin.com/sales/company/29091055,
https://www.linkedin.com/sales/company/35654868,
https://www.linkedin.com/sales/company/18653850,
https://www.linkedin.com/sales/company/5294407,
https://www.linkedin.com/sales/company/74977470,
https://www.linkedin.com/sales/company/76855677,
https://www.linkedin.com/sales/company/82901541,
https://www.linkedin.com/sales/company/47056202,
https://www.linkedin.com/sales/company/9486699,
https://www.linkedin.com/sales/company/71959367,
https://www.linkedin.com/sales/company/110732950,
https://www.linkedin.com/sales/company/19067816,
https://www.linkedin.com/sales/company/26926050,
https://www.linkedin.com/sales/company/64596241,
https://www.linkedin.com/sales/company/86943678,
https://www.linkedin.com/sales/company/15075611,
https://www.linkedin.com/sales/company/109818197,
https://www.linkedin.com/sales/company/93095610,
https://www.linkedin.com/sales/company/10355299,
https://www.linkedin.com/sales/company/112499072,
https://www.linkedin.com/sales/company/93609411,
https://www.linkedin.com/sales/company/76078187,
https://www.linkedin.com/sales/company/49163014,
https://www.linkedin.com/sales/company/26790064,
https://www.linkedin.com/sales/company/81960195,
https://www.linkedin.com/sales/company/50543980,
https://www.linkedin.com/sales/company/129403967,
https://www.linkedin.com/sales/company/94100653,
https://www.linkedin.com/sales/company/11533908,
https://www.linkedin.com/sales/company/108956933,
https://www.linkedin.com/sales/company/104041105,
https://www.linkedin.com/sales/company/76578918,
https://www.linkedin.com/sales/company/48504843,
https://www.linkedin.com/sales/company/83095179,
https://www.linkedin.com/sales/company/86259266,
https://www.linkedin.com/sales/company/76555654,
https://www.linkedin.com/sales/company/11255436,
https://www.linkedin.com/sales/company/67700150,
https://www.linkedin.com/sales/company/35677670,
https://www.linkedin.com/sales/company/93105020,
https://www.linkedin.com/sales/company/18745207,
https://www.linkedin.com/sales/company/113145200,
https://www.linkedin.com/sales/company/110393583,
https://www.linkedin.com/sales/company/80361342,
https://www.linkedin.com/sales/company/98701093,
https://www.linkedin.com/sales/company/49453118,
https://www.linkedin.com/sales/company/92421797,
https://www.linkedin.com/sales/company/80681730,
https://www.linkedin.com/sales/company/103555023,
https://www.linkedin.com/sales/company/108967097,
https://www.linkedin.com/sales/company/107395248,
https://www.linkedin.com/sales/company/26035484,
https://www.linkedin.com/sales/company/102547289,
https://www.linkedin.com/sales/company/78466293,
https://www.linkedin.com/sales/company/31461327,
https://www.linkedin.com/sales/company/113185958,
https://www.linkedin.com/sales/company/18593424,
https://www.linkedin.com/sales/company/25479952,
https://www.linkedin.com/sales/company/107285157,
https://www.linkedin.com/sales/company/34965601,
https://www.linkedin.com/sales/company/8612771,
https://www.linkedin.com/sales/company/10541878,
https://www.linkedin.com/sales/company/18758582,
https://www.linkedin.com/sales/company/9465931,
https://www.linkedin.com/sales/company/51460094,
https://www.linkedin.com/sales/company/104513684,
https://www.linkedin.com/sales/company/5087118,
https://www.linkedin.com/sales/company/101867529,
https://www.linkedin.com/sales/company/37827344,
https://www.linkedin.com/sales/company/34218598,
https://www.linkedin.com/sales/company/80838605,
https://www.linkedin.com/sales/company/81632134,
https://www.linkedin.com/sales/company/109446399,
https://www.linkedin.com/sales/company/45108036,
https://www.linkedin.com/sales/company/74061310,
https://www.linkedin.com/sales/company/37041577,
https://www.linkedin.com/sales/company/73221178,
https://www.linkedin.com/sales/company/10164054,
https://www.linkedin.com/sales/company/5207679,
https://www.linkedin.com/sales/company/4825575,
https://www.linkedin.com/sales/company/95968885,
https://www.linkedin.com/sales/company/104760662,
https://www.linkedin.com/sales/company/80498388,
https://www.linkedin.com/sales/company/101834969,
https://www.linkedin.com/sales/company/18561211,
https://www.linkedin.com/sales/company/112600394,
https://www.linkedin.com/sales/company/26859506,
https://www.linkedin.com/sales/company/77299825,
https://www.linkedin.com/sales/company/29343971,
https://www.linkedin.com/sales/company/100286878,
https://www.linkedin.com/sales/company/11269950,
https://www.linkedin.com/sales/company/111737815,
https://www.linkedin.com/sales/company/106303784,
https://www.linkedin.com/sales/company/34630165,
https://www.linkedin.com/sales/company/86630879,
https://www.linkedin.com/sales/company/98620793,
https://www.linkedin.com/sales/company/111058457,
https://www.linkedin.com/sales/company/106205509,
https://www.linkedin.com/sales/company/94117059,
https://www.linkedin.com/sales/company/37438908,
https://www.linkedin.com/sales/company/106144179,
https://www.linkedin.com/sales/company/43247226,
https://www.linkedin.com/sales/company/77582143,
https://www.linkedin.com/sales/company/103392809,
https://www.linkedin.com/sales/company/67257758,
https://www.linkedin.com/sales/company/49200073,
https://www.linkedin.com/sales/company/100236917,
https://www.linkedin.com/sales/company/79454343,
https://www.linkedin.com/sales/company/37807682,
https://www.linkedin.com/sales/company/69237666,
https://www.linkedin.com/sales/company/68821198,
https://www.linkedin.com/sales/company/101777159,
https://www.linkedin.com/sales/company/11017454,
https://www.linkedin.com/sales/company/111018252,
https://www.linkedin.com/sales/company/100673321,
https://www.linkedin.com/sales/company/100420893,
https://www.linkedin.com/sales/company/98525502,
https://www.linkedin.com/sales/company/137263958,
https://www.linkedin.com/sales/company/81679904,
https://www.linkedin.com/sales/company/80150192,
https://www.linkedin.com/sales/company/104470157,
https://www.linkedin.com/sales/company/103387559,
https://www.linkedin.com/sales/company/100625348,
https://www.linkedin.com/sales/company/78349330,
https://www.linkedin.com/sales/company/130664394,
https://www.linkedin.com/sales/company/79904257,
https://www.linkedin.com/sales/company/106888719,
https://www.linkedin.com/sales/company/98177823,
https://www.linkedin.com/sales/company/142294020,
https://www.linkedin.com/sales/company/106855455,
https://www.linkedin.com/sales/company/108463959,
https://www.linkedin.com/sales/company/35517469,
https://www.linkedin.com/sales/company/37777022,
https://www.linkedin.com/sales/company/107066723,
https://www.linkedin.com/sales/company/3217340,
https://www.linkedin.com/sales/company/109026038,
https://www.linkedin.com/sales/company/106197102,
https://www.linkedin.com/sales/company/11275048,
https://www.linkedin.com/sales/company/101580943,
https://www.linkedin.com/sales/company/90787465,
https://www.linkedin.com/sales/company/118894552,
https://www.linkedin.com/sales/company/106558033,
https://www.linkedin.com/sales/company/75180347,
https://www.linkedin.com/sales/company/83784962,
https://www.linkedin.com/sales/company/91544831,
https://www.linkedin.com/sales/company/106208562,
https://www.linkedin.com/sales/company/136984206,
https://www.linkedin.com/sales/company/106483636,
https://www.linkedin.com/sales/company/101833079,
https://www.linkedin.com/sales/company/26122835,
https://www.linkedin.com/sales/company/11016933,
https://www.linkedin.com/sales/company/101153613,
https://www.linkedin.com/sales/company/104184699,
https://www.linkedin.com/sales/company/108573088,
https://www.linkedin.com/sales/company/27124538,
https://www.linkedin.com/sales/company/88926524,
https://www.linkedin.com/sales/company/108968994,
https://www.linkedin.com/sales/company/86658300,
https://www.linkedin.com/sales/company/105546460,
https://www.linkedin.com/sales/company/92937032,
https://www.linkedin.com/sales/company/28168545,
https://www.linkedin.com/sales/company/64667892,
https://www.linkedin.com/sales/company/26190693,
https://www.linkedin.com/sales/company/10577552,
https://www.linkedin.com/sales/company/26021868,
https://www.linkedin.com/sales/company/83571045,
https://www.linkedin.com/sales/company/26138425,
https://www.linkedin.com/sales/company/66257447,
https://www.linkedin.com/sales/company/16350237,
https://www.linkedin.com/sales/company/37490190,
https://www.linkedin.com/sales/company/10610395,
https://www.linkedin.com/sales/company/103451569,
https://www.linkedin.com/sales/company/19448009,
https://www.linkedin.com/sales/company/91563208,
https://www.linkedin.com/sales/company/83286299,
https://www.linkedin.com/sales/company/2218280,
https://www.linkedin.com/sales/company/18230720,
https://www.linkedin.com/sales/company/72404682,
https://www.linkedin.com/sales/company/27448833,
https://www.linkedin.com/sales/company/18405185,
https://www.linkedin.com/sales/company/100080509,
https://www.linkedin.com/sales/company/99823718,
https://www.linkedin.com/sales/company/98937604,
https://www.linkedin.com/sales/company/26167795,
https://www.linkedin.com/sales/company/35442069,
https://www.linkedin.com/sales/company/103780516,
https://www.linkedin.com/sales/company/2591950,
https://www.linkedin.com/sales/company/104929336,
https://www.linkedin.com/sales/company/42678081,
https://www.linkedin.com/sales/company/55108513,
https://www.linkedin.com/sales/company/64040933,
https://www.linkedin.com/sales/company/55100374,
https://www.linkedin.com/sales/company/25031328,
https://www.linkedin.com/sales/company/104876158,
https://www.linkedin.com/sales/company/64925928,
https://www.linkedin.com/sales/company/37442965,
https://www.linkedin.com/sales/company/70876086,
https://www.linkedin.com/sales/company/108495641,
https://www.linkedin.com/sales/company/67198270,
https://www.linkedin.com/sales/company/89623888,
https://www.linkedin.com/sales/company/108550412,
https://www.linkedin.com/sales/company/35527143,
https://www.linkedin.com/sales/company/66221065,
https://www.linkedin.com/sales/company/26275439,
https://www.linkedin.com/sales/company/71230187,
https://www.linkedin.com/sales/company/2386261,
https://www.linkedin.com/sales/company/108467915,
https://www.linkedin.com/sales/company/10546535,
https://www.linkedin.com/sales/company/110106090,
https://www.linkedin.com/sales/company/25047298,
https://www.linkedin.com/sales/company/84002309,
https://www.linkedin.com/sales/company/108839573,
https://www.linkedin.com/sales/company/25447058,
https://www.linkedin.com/sales/company/107468559,
https://www.linkedin.com/sales/company/47187041,
https://www.linkedin.com/sales/company/1701932,
https://www.linkedin.com/sales/company/10796653,
https://www.linkedin.com/sales/company/89222892,
https://www.linkedin.com/sales/company/27172728,
https://www.linkedin.com/sales/company/72497417,
https://www.linkedin.com/sales/company/46665902,
https://www.linkedin.com/sales/company/98937123,
https://www.linkedin.com/sales/company/104236436,
https://www.linkedin.com/sales/company/26415016,
https://www.linkedin.com/sales/company/669641,
https://www.linkedin.com/sales/company/104691940,
https://www.linkedin.com/sales/company/26439290,
https://www.linkedin.com/sales/company/44474452,
https://www.linkedin.com/sales/company/69677533,
https://www.linkedin.com/sales/company/51211966,
https://www.linkedin.com/sales/company/91691540,
https://www.linkedin.com/sales/company/90940698,
https://www.linkedin.com/sales/company/11734804,
https://www.linkedin.com/sales/company/25953006,
https://www.linkedin.com/sales/company/50513168,
https://www.linkedin.com/sales/company/26746199,
https://www.linkedin.com/sales/company/79780067,
https://www.linkedin.com/sales/company/106475216,
https://www.linkedin.com/sales/company/84835053,
https://www.linkedin.com/sales/company/106565444,
https://www.linkedin.com/sales/company/956422,
https://www.linkedin.com/sales/company/25352838,
https://www.linkedin.com/sales/company/67294809,
https://www.linkedin.com/sales/company/11400707,
https://www.linkedin.com/sales/company/109372144,
https://www.linkedin.com/sales/company/25528566,
https://www.linkedin.com/sales/company/76978600,
https://www.linkedin.com/sales/company/101722804,
https://www.linkedin.com/sales/company/18514632,
https://www.linkedin.com/sales/company/11560678,
https://www.linkedin.com/sales/company/109187957,
https://www.linkedin.com/sales/company/107123893,
https://www.linkedin.com/sales/company/11208273,
https://www.linkedin.com/sales/company/106832937,
https://www.linkedin.com/sales/company/94199434,
https://www.linkedin.com/sales/company/79390373,
https://www.linkedin.com/sales/company/104663036,
https://www.linkedin.com/sales/company/108942412,
https://www.linkedin.com/sales/company/42840328,
https://www.linkedin.com/sales/company/37252874,
https://www.linkedin.com/sales/company/3283724,
https://www.linkedin.com/sales/company/71677330,
https://www.linkedin.com/sales/company/106010676,
https://www.linkedin.com/sales/company/49008015,
https://www.linkedin.com/sales/company/26748019,
https://www.linkedin.com/sales/company/18494043,
https://www.linkedin.com/sales/company/13010974,
https://www.linkedin.com/sales/company/102161438,
https://www.linkedin.com/sales/company/103446694,
https://www.linkedin.com/sales/company/69482808,
https://www.linkedin.com/sales/company/28433777,
https://www.linkedin.com/sales/company/76074474,
https://www.linkedin.com/sales/company/86797958,
https://www.linkedin.com/sales/company/48895747,
https://www.linkedin.com/sales/company/127944011,
https://www.linkedin.com/sales/company/10534044,
https://www.linkedin.com/sales/company/103088965,
https://www.linkedin.com/sales/company/93303078,
https://www.linkedin.com/sales/company/11524391,
https://www.linkedin.com/sales/company/79771206,
https://www.linkedin.com/sales/company/48875474,
https://www.linkedin.com/sales/company/93099241,
https://www.linkedin.com/sales/company/25823978,
https://www.linkedin.com/sales/company/10920818,
https://www.linkedin.com/sales/company/106169577,
https://www.linkedin.com/sales/company/97886451,
https://www.linkedin.com/sales/company/76087371,
https://www.linkedin.com/sales/company/86892485,
https://www.linkedin.com/sales/company/10300966,
https://www.linkedin.com/sales/company/86304642,
https://www.linkedin.com/sales/company/103120706,
https://www.linkedin.com/sales/company/86166213,
https://www.linkedin.com/sales/company/75372388,
https://www.linkedin.com/sales/company/88907027,
https://www.linkedin.com/sales/company/99526048,
https://www.linkedin.com/sales/company/71298434,
https://www.linkedin.com/sales/company/99340174,
https://www.linkedin.com/sales/company/14775756,
https://www.linkedin.com/sales/company/65265040,
https://www.linkedin.com/sales/company/40894714,
https://www.linkedin.com/sales/company/82130210,
https://www.linkedin.com/sales/company/15179384,
https://www.linkedin.com/sales/company/108904472,
https://www.linkedin.com/sales/company/86043037,
https://www.linkedin.com/sales/company/79708556,
https://www.linkedin.com/sales/company/18824592,
https://www.linkedin.com/sales/company/28662712,
https://www.linkedin.com/sales/company/66894724,
https://www.linkedin.com/sales/company/13025180,
https://www.linkedin.com/sales/company/14821884,
https://www.linkedin.com/sales/company/69053396,
https://www.linkedin.com/sales/company/76571220,
https://www.linkedin.com/sales/company/1626224,
https://www.linkedin.com/sales/company/77576088,
https://www.linkedin.com/sales/company/4002368,
https://www.linkedin.com/sales/company/18839972,
https://www.linkedin.com/sales/company/72444708,
https://www.linkedin.com/sales/company/2277748,
https://www.linkedin.com/sales/company/3194188,
https://www.linkedin.com/sales/company/48767132,
https://www.linkedin.com/sales/company/42768416,
https://www.linkedin.com/sales/company/27160856,
https://www.linkedin.com/sales/company/73863468,
https://www.linkedin.com/sales/company/3362860,
https://www.linkedin.com/sales/company/37471252,
https://www.linkedin.com/sales/company/64259384,
https://www.linkedin.com/sales/company/874992,
https://www.linkedin.com/sales/company/38120744,
https://www.linkedin.com/sales/company/18426932,
https://www.linkedin.com/sales/company/2531856,
https://www.linkedin.com/sales/company/2733548,
https://www.linkedin.com/sales/company/86175564,
https://www.linkedin.com/sales/company/71491168,
https://www.linkedin.com/sales/company/5214684,
https://www.linkedin.com/sales/company/750584,
https://www.linkedin.com/sales/company/11283896,
https://www.linkedin.com/sales/company/3084600,
https://www.linkedin.com/sales/company/17950164,
https://www.linkedin.com/sales/company/11002168,
https://www.linkedin.com/sales/company/69515824,
https://www.linkedin.com/sales/company/10909024,
https://www.linkedin.com/sales/company/25706292,
https://www.linkedin.com/sales/company/3832504,
https://www.linkedin.com/sales/company/73064160,
https://www.linkedin.com/sales/company/76482724,
https://www.linkedin.com/sales/company/977644,
https://www.linkedin.com/sales/company/71705920,
https://www.linkedin.com/sales/company/25317416,
https://www.linkedin.com/sales/company/37869600,
https://www.linkedin.com/sales/company/75008820,
https://www.linkedin.com/sales/company/66711264,
https://www.linkedin.com/sales/company/67966336,
https://www.linkedin.com/sales/company/10575552,
https://www.linkedin.com/sales/company/2432860,
https://www.linkedin.com/sales/company/76244896,
https://www.linkedin.com/sales/company/10539576,
https://www.linkedin.com/sales/company/84847348,
https://www.linkedin.com/sales/company/66336312,
https://www.linkedin.com/sales/company/5014740,
https://www.linkedin.com/sales/company/2075164,
https://www.linkedin.com/sales/company/13981976,
https://www.linkedin.com/sales/company/77221812,
https://www.linkedin.com/sales/company/54321516,
https://www.linkedin.com/sales/company/70435484,
https://www.linkedin.com/sales/company/28139661,
https://www.linkedin.com/sales/company/109739069,
https://www.linkedin.com/sales/company/11860689,
https://www.linkedin.com/sales/company/28977234,
https://www.linkedin.com/sales/company/10195248,
https://www.linkedin.com/sales/company/42942522,
https://www.linkedin.com/sales/company/102468588,
https://www.linkedin.com/sales/company/26181724,
https://www.linkedin.com/sales/company/18435728,
https://www.linkedin.com/sales/company/37024083,
https://www.linkedin.com/sales/company/12988755,
https://www.linkedin.com/sales/company/48833571,
https://www.linkedin.com/sales/company/82380477,
https://www.linkedin.com/sales/company/70266111,
https://www.linkedin.com/sales/company/107734304,
https://www.linkedin.com/sales/company/26428640,
https://www.linkedin.com/sales/company/101531946,
https://www.linkedin.com/sales/company/10656843,
https://www.linkedin.com/sales/company/106020010,
https://www.linkedin.com/sales/company/75760403,
https://www.linkedin.com/sales/company/106781545,
https://www.linkedin.com/sales/company/74067179,
https://www.linkedin.com/sales/company/69175924,
https://www.linkedin.com/sales/company/78383472,
https://www.linkedin.com/sales/company/19011356,
https://www.linkedin.com/sales/company/69512105,
https://www.linkedin.com/sales/company/18421571,
https://www.linkedin.com/sales/company/11532339,
https://www.linkedin.com/sales/company/19026594,
https://www.linkedin.com/sales/company/11148995,
https://www.linkedin.com/sales/company/35478859,
https://www.linkedin.com/sales/company/10139064,
https://www.linkedin.com/sales/company/12627040,
https://www.linkedin.com/sales/company/106254176,
https://www.linkedin.com/sales/company/109839939,
https://www.linkedin.com/sales/company/102803389,
https://www.linkedin.com/sales/company/5279363,
https://www.linkedin.com/sales/company/111280940,
https://www.linkedin.com/sales/company/82109274,
https://www.linkedin.com/sales/company/106500090,
https://www.linkedin.com/sales/company/12977265,
https://www.linkedin.com/sales/company/109843005,
https://www.linkedin.com/sales/company/100661762,
https://www.linkedin.com/sales/company/111890149,
https://www.linkedin.com/sales/company/82809719,
https://www.linkedin.com/sales/company/72423973,
https://www.linkedin.com/sales/company/96509418,
https://www.linkedin.com/sales/company/73193756,
https://www.linkedin.com/sales/company/25427452,
https://www.linkedin.com/sales/company/18912688,
https://www.linkedin.com/sales/company/100169205,
https://www.linkedin.com/sales/company/14042074,
https://www.linkedin.com/sales/company/80363337,
https://www.linkedin.com/sales/company/77772066,
https://www.linkedin.com/sales/company/77031049,
https://www.linkedin.com/sales/company/109969327,
https://www.linkedin.com/sales/company/109128371,
https://www.linkedin.com/sales/company/80313435,
https://www.linkedin.com/sales/company/68822264,
https://www.linkedin.com/sales/company/106216222,
https://www.linkedin.com/sales/company/81763609,
https://www.linkedin.com/sales/company/110580184,
https://www.linkedin.com/sales/company/19199714,
https://www.linkedin.com/sales/company/104971716,
https://www.linkedin.com/sales/company/134833937,
https://www.linkedin.com/sales/company/80150958,
https://www.linkedin.com/sales/company/28916039,
https://www.linkedin.com/sales/company/76990618,
https://www.linkedin.com/sales/company/112294657,
https://www.linkedin.com/sales/company/18368586,
https://www.linkedin.com/sales/company/11072344,
https://www.linkedin.com/sales/company/80440608,
https://www.linkedin.com/sales/company/106244625,
https://www.linkedin.com/sales/company/10420869,
https://www.linkedin.com/sales/company/9258259,
https://www.linkedin.com/sales/company/18684023,
https://www.linkedin.com/sales/company/11052802,
https://www.linkedin.com/sales/company/10001457,
https://www.linkedin.com/sales/company/25708111,
https://www.linkedin.com/sales/company/1352266,
https://www.linkedin.com/sales/company/101104500,
https://www.linkedin.com/sales/company/103088733,
https://www.linkedin.com/sales/company/76529607,
https://www.linkedin.com/sales/company/28926249,
https://www.linkedin.com/sales/company/79531521,
https://www.linkedin.com/sales/company/46933660,
https://www.linkedin.com/sales/company/42795143,
https://www.linkedin.com/sales/company/80321497,
https://www.linkedin.com/sales/company/75058789,
https://www.linkedin.com/sales/company/43206314,
https://www.linkedin.com/sales/company/91741152,
https://www.linkedin.com/sales/company/14016941,
https://www.linkedin.com/sales/company/77117214,
https://www.linkedin.com/sales/company/73203731,
https://www.linkedin.com/sales/company/50351579,
https://www.linkedin.com/sales/company/103437350,
https://www.linkedin.com/sales/company/74486822,
https://www.linkedin.com/sales/company/104759292,
https://www.linkedin.com/sales/company/104219544,
https://www.linkedin.com/sales/company/10650575,
https://www.linkedin.com/sales/company/11165195,
https://www.linkedin.com/sales/company/109843059,
https://www.linkedin.com/sales/company/2764303,
https://www.linkedin.com/sales/company/101778465,
https://www.linkedin.com/sales/company/100780776,
https://www.linkedin.com/sales/company/11236579,
https://www.linkedin.com/sales/company/71123013,
https://www.linkedin.com/sales/company/27098791,
https://www.linkedin.com/sales/company/82020879,
https://www.linkedin.com/sales/company/71507296,
https://www.linkedin.com/sales/company/111893992,
https://www.linkedin.com/sales/company/18857174,
https://www.linkedin.com/sales/company/110126244,
https://www.linkedin.com/sales/company/101999961,
https://www.linkedin.com/sales/company/78364860,
https://www.linkedin.com/sales/company/11090485,
https://www.linkedin.com/sales/company/104900188,
https://www.linkedin.com/sales/company/949789,
https://www.linkedin.com/sales/company/223739,
https://www.linkedin.com/sales/company/77730906,
https://www.linkedin.com/sales/company/10277563,
https://www.linkedin.com/sales/company/94810830,
https://www.linkedin.com/sales/company/10382003,
https://www.linkedin.com/sales/company/27191602,
https://www.linkedin.com/sales/company/10048955,
https://www.linkedin.com/sales/company/9463967,
https://www.linkedin.com/sales/company/6824588,
https://www.linkedin.com/sales/company/93326677,
https://www.linkedin.com/sales/company/11247684,
https://www.linkedin.com/sales/company/30744097,
https://www.linkedin.com/sales/company/25622082,
https://www.linkedin.com/sales/company/25819116,
https://www.linkedin.com/sales/company/26337146,
https://www.linkedin.com/sales/company/528177,
https://www.linkedin.com/sales/company/18434878,
https://www.linkedin.com/sales/company/70391172,
https://www.linkedin.com/sales/company/2991860,
https://www.linkedin.com/sales/company/26313247,
https://www.linkedin.com/sales/company/68927922,
https://www.linkedin.com/sales/company/11738429,
https://www.linkedin.com/sales/company/27121960,
https://www.linkedin.com/sales/company/33270916,
https://www.linkedin.com/sales/company/3339888,
https://www.linkedin.com/sales/company/74162735,
https://www.linkedin.com/sales/company/29024048,
https://www.linkedin.com/sales/company/71925969,
https://www.linkedin.com/sales/company/29041484,
https://www.linkedin.com/sales/company/18373913,
https://www.linkedin.com/sales/company/13037356,
https://www.linkedin.com/sales/company/10964555,
https://www.linkedin.com/sales/company/79722645,
https://www.linkedin.com/sales/company/11199007,
https://www.linkedin.com/sales/company/47755112,
https://www.linkedin.com/sales/company/50250296,
https://www.linkedin.com/sales/company/18401694,
https://www.linkedin.com/sales/company/76783620,
https://www.linkedin.com/sales/company/76434175,
https://www.linkedin.com/sales/company/9372901,
https://www.linkedin.com/sales/company/25013732,
https://www.linkedin.com/sales/company/5219147,
https://www.linkedin.com/sales/company/105248618,
https://www.linkedin.com/sales/company/70284594,
https://www.linkedin.com/sales/company/1411262,
https://www.linkedin.com/sales/company/11044464,
https://www.linkedin.com/sales/company/11861930,
https://www.linkedin.com/sales/company/26705879,
https://www.linkedin.com/sales/company/5250155,
https://www.linkedin.com/sales/company/50332176,
https://www.linkedin.com/sales/company/10466442,
https://www.linkedin.com/sales/company/27236868,
https://www.linkedin.com/sales/company/25621114,
https://www.linkedin.com/sales/company/51080842,
https://www.linkedin.com/sales/company/46143878,
https://www.linkedin.com/sales/company/26458236,
https://www.linkedin.com/sales/company/13982391,
https://www.linkedin.com/sales/company/11092979,
https://www.linkedin.com/sales/company/3185133,
https://www.linkedin.com/sales/company/12975003,
https://www.linkedin.com/sales/company/79373206,
https://www.linkedin.com/sales/company/26006048,
https://www.linkedin.com/sales/company/79594461,
https://www.linkedin.com/sales/company/77351188,
https://www.linkedin.com/sales/company/10820365,
https://www.linkedin.com/sales/company/105187245,
https://www.linkedin.com/sales/company/103856676,
https://www.linkedin.com/sales/company/45868028,
https://www.linkedin.com/sales/company/45254671,
https://www.linkedin.com/sales/company/50845209,
https://www.linkedin.com/sales/company/47386372,
https://www.linkedin.com/sales/company/108883282,
https://www.linkedin.com/sales/company/50170980,
https://www.linkedin.com/sales/company/26225190,
https://www.linkedin.com/sales/company/76714511,
https://www.linkedin.com/sales/company/11174868,
https://www.linkedin.com/sales/company/50916751,
https://www.linkedin.com/sales/company/44475065,
https://www.linkedin.com/sales/company/46743731,
https://www.linkedin.com/sales/company/44672670,
https://www.linkedin.com/sales/company/19163736,
https://www.linkedin.com/sales/company/88657228,
https://www.linkedin.com/sales/company/25372875,
https://www.linkedin.com/sales/company/79614637,
https://www.linkedin.com/sales/company/15829450,
https://www.linkedin.com/sales/company/72408993,
https://www.linkedin.com/sales/company/105502665,
https://www.linkedin.com/sales/company/77767137,
https://www.linkedin.com/sales/company/105744696,
https://www.linkedin.com/sales/company/82115139,
https://www.linkedin.com/sales/company/19155621,
https://www.linkedin.com/sales/company/87174929,
https://www.linkedin.com/sales/company/70523183,
https://www.linkedin.com/sales/company/50696174,
https://www.linkedin.com/sales/company/18901622,
https://www.linkedin.com/sales/company/89202397,
https://www.linkedin.com/sales/company/75355243,
https://www.linkedin.com/sales/company/107683537,
https://www.linkedin.com/sales/company/76182209,
https://www.linkedin.com/sales/company/71783976,
https://www.linkedin.com/sales/company/10361124,
https://www.linkedin.com/sales/company/108063899,
https://www.linkedin.com/sales/company/37259710,
https://www.linkedin.com/sales/company/80037409,
https://www.linkedin.com/sales/company/26466503,
https://www.linkedin.com/sales/company/69260912,
https://www.linkedin.com/sales/company/92763810,
https://www.linkedin.com/sales/company/34947102,
https://www.linkedin.com/sales/company/79166925,
https://www.linkedin.com/sales/company/108064265,
https://www.linkedin.com/sales/company/79398220,
https://www.linkedin.com/sales/company/69701701,
https://www.linkedin.com/sales/company/78097894,
https://www.linkedin.com/sales/company/80551050,
https://www.linkedin.com/sales/company/28566638,
https://www.linkedin.com/sales/company/82604555,
https://www.linkedin.com/sales/company/80923525,
https://www.linkedin.com/sales/company/13979774,
https://www.linkedin.com/sales/company/20484861,
https://www.linkedin.com/sales/company/65670605,
https://www.linkedin.com/sales/company/71562697,
https://www.linkedin.com/sales/company/34938606,
https://www.linkedin.com/sales/company/79148563,
https://www.linkedin.com/sales/company/100841527,
https://www.linkedin.com/sales/company/72097238,
https://www.linkedin.com/sales/company/103991479,
https://www.linkedin.com/sales/company/80157605,
https://www.linkedin.com/sales/company/12656236,
https://www.linkedin.com/sales/company/10426289,
https://www.linkedin.com/sales/company/12997432,
https://www.linkedin.com/sales/company/111937215,
https://www.linkedin.com/sales/company/67759163,
https://www.linkedin.com/sales/company/98192961,
https://www.linkedin.com/sales/company/75414313,
https://www.linkedin.com/sales/company/15236220,
https://www.linkedin.com/sales/company/103987948,
https://www.linkedin.com/sales/company/11054737,
https://www.linkedin.com/sales/company/56450114,
https://www.linkedin.com/sales/company/44813648,
https://www.linkedin.com/sales/company/111698995,
https://www.linkedin.com/sales/company/71680857,
https://www.linkedin.com/sales/company/77033044,
https://www.linkedin.com/sales/company/83310170,
https://www.linkedin.com/sales/company/99567295,
https://www.linkedin.com/sales/company/47289241,
https://www.linkedin.com/sales/company/29286198,
https://www.linkedin.com/sales/company/36976488,
https://www.linkedin.com/sales/company/81991500,
https://www.linkedin.com/sales/company/10409986,
https://www.linkedin.com/sales/company/19206783,
https://www.linkedin.com/sales/company/10271577,
https://www.linkedin.com/sales/company/79071477,
https://www.linkedin.com/sales/company/84575045,
https://www.linkedin.com/sales/company/105223674,
https://www.linkedin.com/sales/company/72224629,
https://www.linkedin.com/sales/company/98935251,
https://www.linkedin.com/sales/company/50010306,
https://www.linkedin.com/sales/company/68524173,
https://www.linkedin.com/sales/company/25400684,
https://www.linkedin.com/sales/company/84408920,
https://www.linkedin.com/sales/company/67192193,
https://www.linkedin.com/sales/company/88642906,
https://www.linkedin.com/sales/company/76998402,
https://www.linkedin.com/sales/company/76563251,
https://www.linkedin.com/sales/company/113268944,
https://www.linkedin.com/sales/company/104728217,
https://www.linkedin.com/sales/company/19019224,
https://www.linkedin.com/sales/company/100395854,
https://www.linkedin.com/sales/company/14009915,
https://www.linkedin.com/sales/company/102584041,
https://www.linkedin.com/sales/company/49307247,
https://www.linkedin.com/sales/company/71501248,
https://www.linkedin.com/sales/company/79448733,
https://www.linkedin.com/sales/company/76787095,
https://www.linkedin.com/sales/company/82414688,
https://www.linkedin.com/sales/company/11018647,
https://www.linkedin.com/sales/company/105740976,
https://www.linkedin.com/sales/company/11179031,
https://www.linkedin.com/sales/company/80726502,
https://www.linkedin.com/sales/company/106496634,
https://www.linkedin.com/sales/company/89319662,
https://www.linkedin.com/sales/company/18441556,
https://www.linkedin.com/sales/company/71061943,
https://www.linkedin.com/sales/company/14815458,
https://www.linkedin.com/sales/company/103880827,
https://www.linkedin.com/sales/company/19232722,
https://www.linkedin.com/sales/company/48699080,
https://www.linkedin.com/sales/company/73508426,
https://www.linkedin.com/sales/company/48610648,
https://www.linkedin.com/sales/company/1989036,
https://www.linkedin.com/sales/company/77581409,
https://www.linkedin.com/sales/company/11121292,
https://www.linkedin.com/sales/company/51083152,
https://www.linkedin.com/sales/company/18737584,
https://www.linkedin.com/sales/company/91166205,
https://www.linkedin.com/sales/company/12604547,
https://www.linkedin.com/sales/company/28976723,
https://www.linkedin.com/sales/company/35459671,
https://www.linkedin.com/sales/company/48936999,
https://www.linkedin.com/sales/company/104567923,
https://www.linkedin.com/sales/company/85942031,
https://www.linkedin.com/sales/company/87231437,
https://www.linkedin.com/sales/company/26643884,
https://www.linkedin.com/sales/company/71487432,
https://www.linkedin.com/sales/company/75351475,
https://www.linkedin.com/sales/company/35689310,
https://www.linkedin.com/sales/company/69568434,
https://www.linkedin.com/sales/company/109198462,
https://www.linkedin.com/sales/company/79477545,
https://www.linkedin.com/sales/company/18337076,
https://www.linkedin.com/sales/company/100279148,
https://www.linkedin.com/sales/company/9335214,
https://www.linkedin.com/sales/company/25628236,
https://www.linkedin.com/sales/company/28503894,
https://www.linkedin.com/sales/company/86164986,
https://www.linkedin.com/sales/company/106073598,
https://www.linkedin.com/sales/company/103793307,
https://www.linkedin.com/sales/company/18379766,
https://www.linkedin.com/sales/company/119644195,
https://www.linkedin.com/sales/company/108548898,
https://www.linkedin.com/sales/company/104942181,
https://www.linkedin.com/sales/company/27056171,
https://www.linkedin.com/sales/company/11737026,
https://www.linkedin.com/sales/company/107496461,
https://www.linkedin.com/sales/company/64662266,
https://www.linkedin.com/sales/company/89186506,
https://www.linkedin.com/sales/company/43357525,
https://www.linkedin.com/sales/company/11202522,
https://www.linkedin.com/sales/company/11109767,
https://www.linkedin.com/sales/company/105782357,
https://www.linkedin.com/sales/company/76078821,
https://www.linkedin.com/sales/company/48437626,
https://www.linkedin.com/sales/company/76549891,
https://www.linkedin.com/sales/company/18346255,
https://www.linkedin.com/sales/company/109551056,
https://www.linkedin.com/sales/company/108241938,
https://www.linkedin.com/sales/company/109824340,
https://www.linkedin.com/sales/company/49058503,
https://www.linkedin.com/sales/company/71315358,
https://www.linkedin.com/sales/company/109239591,
https://www.linkedin.com/sales/company/26679176,
https://www.linkedin.com/sales/company/105814069,
https://www.linkedin.com/sales/company/46283579,
https://www.linkedin.com/sales/company/25835558,
https://www.linkedin.com/sales/company/111746780,
https://www.linkedin.com/sales/company/69264596,
https://www.linkedin.com/sales/company/65747992,
https://www.linkedin.com/sales/company/110823205,
https://www.linkedin.com/sales/company/46604252,
https://www.linkedin.com/sales/company/11396995,
https://www.linkedin.com/sales/company/26111268,
https://www.linkedin.com/sales/company/107999424,
https://www.linkedin.com/sales/company/26764757,
https://www.linkedin.com/sales/company/12602020,
https://www.linkedin.com/sales/company/11034557,
https://www.linkedin.com/sales/company/109538639,
https://www.linkedin.com/sales/company/75272913,
https://www.linkedin.com/sales/company/75326368,
https://www.linkedin.com/sales/company/11772486,
https://www.linkedin.com/sales/company/65744860,
https://www.linkedin.com/sales/company/105985518,
https://www.linkedin.com/sales/company/133513972,
https://www.linkedin.com/sales/company/42119551,
https://www.linkedin.com/sales/company/77859786,
https://www.linkedin.com/sales/company/46901594,
https://www.linkedin.com/sales/company/106574256,
https://www.linkedin.com/sales/company/108944239,
https://www.linkedin.com/sales/company/26924591,
https://www.linkedin.com/sales/company/141393995,
https://www.linkedin.com/sales/company/45360515,
https://www.linkedin.com/sales/company/71510383,
https://www.linkedin.com/sales/company/14796965,
https://www.linkedin.com/sales/company/48654634,
https://www.linkedin.com/sales/company/11340132,
https://www.linkedin.com/sales/company/105610277,
https://www.linkedin.com/sales/company/103504644,
https://www.linkedin.com/sales/company/47534735,
https://www.linkedin.com/sales/company/11434739,
https://www.linkedin.com/sales/company/130783988,
https://www.linkedin.com/sales/company/102138713,
https://www.linkedin.com/sales/company/108556190,
https://www.linkedin.com/sales/company/118934411,
https://www.linkedin.com/sales/company/112016037,
https://www.linkedin.com/sales/company/108969133,
https://www.linkedin.com/sales/company/105964602,
https://www.linkedin.com/sales/company/19654546,
https://www.linkedin.com/sales/company/141343932,
https://www.linkedin.com/sales/company/33241170,
https://www.linkedin.com/sales/company/71765038,
https://www.linkedin.com/sales/company/110748584,
https://www.linkedin.com/sales/company/83089756,
https://www.linkedin.com/sales/company/13017990,
https://www.linkedin.com/sales/company/76830209,
https://www.linkedin.com/sales/company/83570013,
https://www.linkedin.com/sales/company/108544032,
https://www.linkedin.com/sales/company/136015291,
https://www.linkedin.com/sales/company/110129474,
https://www.linkedin.com/sales/company/105537953,
https://www.linkedin.com/sales/company/36172163,
https://www.linkedin.com/sales/company/103597407,
https://www.linkedin.com/sales/company/68339823,
https://www.linkedin.com/sales/company/85377683,
https://www.linkedin.com/sales/company/107195196,
https://www.linkedin.com/sales/company/46119278,
https://www.linkedin.com/sales/company/37187423,
https://www.linkedin.com/sales/company/78747910,
https://www.linkedin.com/sales/company/5733733,
https://www.linkedin.com/sales/company/28992114,
https://www.linkedin.com/sales/company/104971642,
https://www.linkedin.com/sales/company/100666313,
https://www.linkedin.com/sales/company/86049801,
https://www.linkedin.com/sales/company/45372910,
https://www.linkedin.com/sales/company/14018436,
https://www.linkedin.com/sales/company/105160619,
https://www.linkedin.com/sales/company/11762059,
https://www.linkedin.com/sales/company/104362611,
https://www.linkedin.com/sales/company/68814230,
https://www.linkedin.com/sales/company/104719199,
https://www.linkedin.com/sales/company/76568774,
https://www.linkedin.com/sales/company/105083763,
https://www.linkedin.com/sales/company/112237025,
https://www.linkedin.com/sales/company/105529989,
https://www.linkedin.com/sales/company/109546062,
https://www.linkedin.com/sales/company/89901829,
https://www.linkedin.com/sales/company/77317128,
https://www.linkedin.com/sales/company/69995737,
https://www.linkedin.com/sales/company/100191658,
https://www.linkedin.com/sales/company/102118698,
https://www.linkedin.com/sales/company/45638434,
https://www.linkedin.com/sales/company/81442506,
https://www.linkedin.com/sales/company/111975486,
https://www.linkedin.com/sales/company/19042799,
https://www.linkedin.com/sales/company/105732068,
https://www.linkedin.com/sales/company/65760714,
https://www.linkedin.com/sales/company/74005558,
https://www.linkedin.com/sales/company/105504337,
https://www.linkedin.com/sales/company/26278018,
https://www.linkedin.com/sales/company/107736375,
https://www.linkedin.com/sales/company/102667687,
https://www.linkedin.com/sales/company/93224127,
https://www.linkedin.com/sales/company/85882912,
https://www.linkedin.com/sales/company/77628421,
https://www.linkedin.com/sales/company/83016003,
https://www.linkedin.com/sales/company/43183326,
https://www.linkedin.com/sales/company/9413581,
https://www.linkedin.com/sales/company/11690135,
https://www.linkedin.com/sales/company/106118262,
https://www.linkedin.com/sales/company/33276896,
https://www.linkedin.com/sales/company/108483097,
https://www.linkedin.com/sales/company/46194111,
https://www.linkedin.com/sales/company/71748029,
https://www.linkedin.com/sales/company/1644854,
https://www.linkedin.com/sales/company/103462068,
https://www.linkedin.com/sales/company/106237754,
https://www.linkedin.com/sales/company/36120459,
https://www.linkedin.com/sales/company/72615639,
https://www.linkedin.com/sales/company/34659035,
https://www.linkedin.com/sales/company/33278571,
https://www.linkedin.com/sales/company/43362495,
https://www.linkedin.com/sales/company/10260042,
https://www.linkedin.com/sales/company/18972620,
https://www.linkedin.com/sales/company/12990143,
https://www.linkedin.com/sales/company/10354591,
https://www.linkedin.com/sales/company/10465133,
https://www.linkedin.com/sales/company/84172938,
https://www.linkedin.com/sales/company/91647701,
https://www.linkedin.com/sales/company/75242820,
https://www.linkedin.com/sales/company/106043240,
https://www.linkedin.com/sales/company/34951717,
https://www.linkedin.com/sales/company/75747626,
https://www.linkedin.com/sales/company/90883641,
https://www.linkedin.com/sales/company/25946994,
https://www.linkedin.com/sales/company/107923475,
https://www.linkedin.com/sales/company/26308535,
https://www.linkedin.com/sales/company/49054844,
https://www.linkedin.com/sales/company/1237996,
https://www.linkedin.com/sales/company/78657305,
https://www.linkedin.com/sales/company/49391287,
https://www.linkedin.com/sales/company/37245277,
https://www.linkedin.com/sales/company/51723918,
https://www.linkedin.com/sales/company/107699742,
https://www.linkedin.com/sales/company/106114294,
https://www.linkedin.com/sales/company/101804695,
https://www.linkedin.com/sales/company/48510036,
https://www.linkedin.com/sales/company/18390007,
https://www.linkedin.com/sales/company/91489248,
https://www.linkedin.com/sales/company/18378014,
https://www.linkedin.com/sales/company/103222610,
https://www.linkedin.com/sales/company/104950012,
https://www.linkedin.com/sales/company/89017196,
https://www.linkedin.com/sales/company/2690145,
https://www.linkedin.com/sales/company/28587547,
https://www.linkedin.com/sales/company/90638650,
https://www.linkedin.com/sales/company/105415277,
https://www.linkedin.com/sales/company/94133782,
https://www.linkedin.com/sales/company/25823833,
https://www.linkedin.com/sales/company/13052851,
https://www.linkedin.com/sales/company/51530151,
https://www.linkedin.com/sales/company/66227329,
https://www.linkedin.com/sales/company/1332072,
https://www.linkedin.com/sales/company/102621873,
https://www.linkedin.com/sales/company/81755645,
https://www.linkedin.com/sales/company/86826177,
https://www.linkedin.com/sales/company/89248240,
https://www.linkedin.com/sales/company/86716668,
https://www.linkedin.com/sales/company/9332591,
https://www.linkedin.com/sales/company/69533444,
https://www.linkedin.com/sales/company/25584930,
https://www.linkedin.com/sales/company/25818717,
https://www.linkedin.com/sales/company/42925280,
https://www.linkedin.com/sales/company/75331089,
https://www.linkedin.com/sales/company/103377058,
https://www.linkedin.com/sales/company/18646191,
https://www.linkedin.com/sales/company/101550472,
https://www.linkedin.com/sales/company/25489460,
https://www.linkedin.com/sales/company/11716473,
https://www.linkedin.com/sales/company/26033449,
https://www.linkedin.com/sales/company/967631,
https://www.linkedin.com/sales/company/89264121,
https://www.linkedin.com/sales/company/11023220,
https://www.linkedin.com/sales/company/101623303,
https://www.linkedin.com/sales/company/106080818,
https://www.linkedin.com/sales/company/11122547,
https://www.linkedin.com/sales/company/4813307,
https://www.linkedin.com/sales/company/100462979,
https://www.linkedin.com/sales/company/7222425,
https://www.linkedin.com/sales/company/92748569,
https://www.linkedin.com/sales/company/26767794,
https://www.linkedin.com/sales/company/75259642,
https://www.linkedin.com/sales/company/103081699,
https://www.linkedin.com/sales/company/100863131,
https://www.linkedin.com/sales/company/25591073,
https://www.linkedin.com/sales/company/111286919,
https://www.linkedin.com/sales/company/28494832,
https://www.linkedin.com/sales/company/86896544,
https://www.linkedin.com/sales/company/38171691,
https://www.linkedin.com/sales/company/10653161,
https://www.linkedin.com/sales/company/92878188,
https://www.linkedin.com/sales/company/45021208,
https://www.linkedin.com/sales/company/112657364,
https://www.linkedin.com/sales/company/37072857,
https://www.linkedin.com/sales/company/97917393,
https://www.linkedin.com/sales/company/97918512,
https://www.linkedin.com/sales/company/91532038,
https://www.linkedin.com/sales/company/45061865,
https://www.linkedin.com/sales/company/80894174,
https://www.linkedin.com/sales/company/25653074,
https://www.linkedin.com/sales/company/1233091,
https://www.linkedin.com/sales/company/11751255,
https://www.linkedin.com/sales/company/27203410,
https://www.linkedin.com/sales/company/28837000,
https://www.linkedin.com/sales/company/7035154,
https://www.linkedin.com/sales/company/103503613,
https://www.linkedin.com/sales/company/90860146,
https://www.linkedin.com/sales/company/70434878,
https://www.linkedin.com/sales/company/69742279,
https://www.linkedin.com/sales/company/74493528,
https://www.linkedin.com/sales/company/18816255,
https://www.linkedin.com/sales/company/2781751,
https://www.linkedin.com/sales/company/68859382,
https://www.linkedin.com/sales/company/85924543,
https://www.linkedin.com/sales/company/18500101,
https://www.linkedin.com/sales/company/71239027,
https://www.linkedin.com/sales/company/10032078,
https://www.linkedin.com/sales/company/86269467,
https://www.linkedin.com/sales/company/26344657,
https://www.linkedin.com/sales/company/76206110,
https://www.linkedin.com/sales/company/2898427,
https://www.linkedin.com/sales/company/25444099,
https://www.linkedin.com/sales/company/44759421,
https://www.linkedin.com/sales/company/69186142,
https://www.linkedin.com/sales/company/26471818,
https://www.linkedin.com/sales/company/18563491,
https://www.linkedin.com/sales/company/28184974,
https://www.linkedin.com/sales/company/111392233,
https://www.linkedin.com/sales/company/75552905,
https://www.linkedin.com/sales/company/27228967,
https://www.linkedin.com/sales/company/77031063,
https://www.linkedin.com/sales/company/25324122,
https://www.linkedin.com/sales/company/25467949,
https://www.linkedin.com/sales/company/36107370,
https://www.linkedin.com/sales/company/88944181,
https://www.linkedin.com/sales/company/25566747,
https://www.linkedin.com/sales/company/80300166,
https://www.linkedin.com/sales/company/25770558,
https://www.linkedin.com/sales/company/25780435,
https://www.linkedin.com/sales/company/37468018,
https://www.linkedin.com/sales/company/25863270,
https://www.linkedin.com/sales/company/76161218,
https://www.linkedin.com/sales/company/25352915,
https://www.linkedin.com/sales/company/25583782,
https://www.linkedin.com/sales/company/26818603,
https://www.linkedin.com/sales/company/108928899,
https://www.linkedin.com/sales/company/17940330,
https://www.linkedin.com/sales/company/34935981,
https://www.linkedin.com/sales/company/98173859,
https://www.linkedin.com/sales/company/74278405,
https://www.linkedin.com/sales/company/90742605,
https://www.linkedin.com/sales/company/96428529,
https://www.linkedin.com/sales/company/30644166,
https://www.linkedin.com/sales/company/45855675,
https://www.linkedin.com/sales/company/76542311,
https://www.linkedin.com/sales/company/37504704,
https://www.linkedin.com/sales/company/9351382,
https://www.linkedin.com/sales/company/76169093,
https://www.linkedin.com/sales/company/72211527,
https://www.linkedin.com/sales/company/97889479,
https://www.linkedin.com/sales/company/102430034,
https://www.linkedin.com/sales/company/102326791,
https://www.linkedin.com/sales/company/75744958,
https://www.linkedin.com/sales/company/99505995,
https://www.linkedin.com/sales/company/106251801,
https://www.linkedin.com/sales/company/11484504,
https://www.linkedin.com/sales/company/68543417,
